Name,Type,Direction,Device Name,Default,Default Multimedia,Default Communications,Device State,Muted,Volume dB,Volume Percent,Min Volume dB,Max Volume dB,Volume Step,Channels Count,Channels dB,Channels  Percent,Item ID,Command-Line Friendly ID,Process Path,Process ID,Window Title,Registry Key,Speakers Config,Default Format
Acquisizione,Subunit,Capture,OD-WB01,,,,,No,,9.8%,-38.00 dB,10.00 dB,1.00 dB,2,"-9.90 dB, -9.90 dB","9.8%, 9.8%",{2}.\\?\usb#vid_0458&pid_6006&mi_02#c&1ad9c598&0&0002#{6994ad04-93ef-11d0-a3cc-00a0c9223196}\global/00020002,OD-WB01\Subunit\Acquisizione,,,,,,
Acquisizione,Subunit,Capture,Logitech PRO X Gaming Headset,,,,,No,,22.1%,-30.00 dB,5.00 dB,1.00 dB,1,-7.59 dB,22.1%,{2}.\\?\usb#vid_046d&pid_0aaa&mi_00#a&26545131&0&0000#{6994ad04-93ef-11d0-a3cc-00a0c9223196}\global/00020002,Logitech PRO X Gaming Headset\Subunit\Acquisizione,,,,,,
Altoparlanti,Device,Render,Logitech PRO X Gaming Headset,Render,Render,Render,Active,No,-23.63 dB,14.0%,-50.00 dB,5.00 dB,1.00 dB,1,-23.63 dB,14.0%,{0.0.0.00000000}.{b2520a18-9236-4169-a438-af902a1d0f4d},Logitech PRO X Gaming Headset\Device\Altoparlanti\Render,,,,HKEY_LOCAL_MACHINE\Software\Microsoft\Windows\CurrentVersion\MMDevices\Audio\Render\{b2520a18-9236-4169-a438-af902a1d0f4d},0x63f 0x0 0x0,"8 Channel, 16 bit, 44100 Hz"
Google Chrome,Application,Capture,Logitech PRO X Gaming Headset,,,,Inactive,No,,41.0%,,,0.00 dB,1,,100.0%,{0.0.1.00000000}.{5155a3d6-f479-4a26-acbc-158872547932}|\Device\HarddiskVolume3\Program Files\Google\Chrome\Application\chrome.exe%b{00000000-0000-0000-0000-000000000000}|3%b27160,Logitech PRO X Gaming Headset\Application\Google Chrome,C:\Program Files\Google\Chrome\Application\chrome.exe,27160,,,,
Google Chrome,Application,Render,Logitech PRO X Gaming Headset,,,,Inactive,No,,100.0%,,,0.00 dB,8,,"100.0%, 100.0%, 100.0%, 100.0%, 100.0%, 100.0%, 100.0%, 100.0%",{0.0.0.00000000}.{b2520a18-9236-4169-a438-af902a1d0f4d}|\Device\HarddiskVolume3\Program Files\Google\Chrome\Application\chrome.exe%b{00000000-0000-0000-0000-000000000000}|3%b27160,Logitech PRO X Gaming Headset\Application\Google Chrome,C:\Program Files\Google\Chrome\Application\chrome.exe,27160,,,,
Gruppo microfoni,Device,Capture,OD-WB01,,,Capture,Active,No,-9.90 dB,31.4%,-38.00 dB,10.00 dB,1.00 dB,2,"-9.90 dB, -9.90 dB","31.4%, 31.4%",{0.0.1.00000000}.{b5540fa1-c1fa-4ef7-aab7-9401b6e31ffa},OD-WB01\Device\Gruppo microfoni\Capture,,,,HKEY_LOCAL_MACHINE\Software\Microsoft\Windows\CurrentVersion\MMDevices\Audio\Capture\{b5540fa1-c1fa-4ef7-aab7-9401b6e31ffa},,
Microfono,Device,Capture,Logitech PRO X Gaming Headset,Capture,Capture,,Active,No,-7.59 dB,41.0%,-30.00 dB,5.00 dB,1.00 dB,1,-7.59 dB,41.0%,{0.0.1.00000000}.{5155a3d6-f479-4a26-acbc-158872547932},Logitech PRO X Gaming Headset\Device\Microfono\Capture,,,,HKEY_LOCAL_MACHINE\Software\Microsoft\Windows\CurrentVersion\MMDevices\Audio\Capture\{5155a3d6-f479-4a26-acbc-158872547932},,"1 Channel, 16 bit, 48000 Hz"
PG32UCDM,Device,Render,NVIDIA High Definition Audio,,,,Active,No,0.00 dB,100.0%,-96.00 dB,0.00 dB,1.50 dB,2,"0.00 dB, 0.00 dB","100.0%, 100.0%",{0.0.0.00000000}.{61802867-dad9-4289-9a7a-45772656f989},NVIDIA High Definition Audio\Device\PG32UCDM\Render,,,,HKEY_LOCAL_MACHINE\Software\Microsoft\Windows\CurrentVersion\MMDevices\Audio\Render\{61802867-dad9-4289-9a7a-45772656f989},0x3 0x0 0x0,"2 Channel, 16 bit, 48000 Hz"
Qt6,Application,Render,Logitech PRO X Gaming Headset,,,,Inactive,No,,100.0%,,,0.00 dB,8,,"100.0%, 100.0%, 100.0%, 100.0%, 100.0%, 100.0%, 100.0%, 100.0%",{0.0.0.00000000}.{b2520a18-9236-4169-a438-af902a1d0f4d}|\Device\HarddiskVolume3\Program Files\Corsair\Corsair iCUE5 Software\QtWebEngineProcess.exe%b{00000000-0000-0000-0000-000000000000}|3%b34556,Logitech PRO X Gaming Headset\Application\Qt6,C:\Program Files\Corsair\Corsair iCUE5 Software\QtWebEngineProcess.exe,34556,,,,
Sistema operativo Microsoft® Windows®,Application,Capture,Logitech PRO X Gaming Headset,,,,Inactive,No,,41.0%,,,0.00 dB,1,,100.0%,{0.0.1.00000000}.{5155a3d6-f479-4a26-acbc-158872547932}|\Device\HarddiskVolume3\Windows\ImmersiveControlPanel\SystemSettings.exe%b{00000000-0000-0000-0000-000000000000}|3%b14600,Logitech PRO X Gaming Headset\Application\Sistema operativo Microsoft® Windows®,C:\Windows\ImmersiveControlPanel\SystemSettings.exe,14600,Impostazioni,,,
System Sounds,Application,Render,AMD High Definition Audio Device,,,,Inactive,No,,100.0%,,,0.00 dB,2,,"100.0%, 100.0%",{0.0.0.00000000}.{3e863ab0-95ce-4951-b82e-b172cbb885e5}|#%b{A9EF3FD9-4240-455E-A4D5-F2B3301887B2}|3%b#,AMD High Definition Audio Device\Application\System Sounds,,,,,,
System Sounds,Application,Render,NVIDIA High Definition Audio,,,,Inactive,No,,100.0%,,,0.00 dB,2,,"100.0%, 100.0%",{0.0.0.00000000}.{61802867-dad9-4289-9a7a-45772656f989}|#%b{A9EF3FD9-4240-455E-A4D5-F2B3301887B2}|3%b#,NVIDIA High Definition Audio\Application\System Sounds,,,,,,
System Sounds,Application,Render,Logitech PRO X Gaming Headset,,,,Inactive,No,,100.0%,,,0.00 dB,8,,"100.0%, 100.0%, 100.0%, 100.0%, 100.0%, 100.0%, 100.0%, 100.0%",{0.0.0.00000000}.{b2520a18-9236-4169-a438-af902a1d0f4d}|#%b{A9EF3FD9-4240-455E-A4D5-F2B3301887B2}|3%b#,Logitech PRO X Gaming Headset\Application\System Sounds,,,,,,
System Sounds,Application,Render,Realtek(R) Audio,,,,Inactive,No,,100.0%,,,0.00 dB,2,,"100.0%, 100.0%",{0.0.0.00000000}.{3cb85190-d4e7-4b2e-8209-b2e8f9db6e2c}|#%b{A9EF3FD9-4240-455E-A4D5-F2B3301887B2}|3%b#,Realtek(R) Audio\Application\System Sounds,,,,,,
System Sounds,Application,Render,Realtek(R) Audio,,,,Inactive,No,,100.0%,,,0.00 dB,2,,"100.0%, 100.0%",{0.0.0.00000000}.{0e9a24e8-3c82-4eb0-ae13-c7a26e7bc07e}|#%b{A9EF3FD9-4240-455E-A4D5-F2B3301887B2}|3%b#,Realtek(R) Audio\Application\System Sounds,,,,,,
System Sounds,Application,Render,Zone Vibe 100,,,,Inactive,No,,100.0%,,,0.00 dB,2,,"100.0%, 100.0%",{0.0.0.00000000}.{c6df8cf2-79a0-4399-b91c-a39216c24c3f}|#%b{A9EF3FD9-4240-455E-A4D5-F2B3301887B2}|3%b#,Zone Vibe 100\Application\System Sounds,,,,,,
System Sounds,Application,Capture,Realtek(R) Audio,,,,Inactive,No,,100.0%,,,0.00 dB,2,,"100.0%, 100.0%",{0.0.1.00000000}.{2c802439-f02f-4202-8378-da3f16ca57a0}|#%b{A9EF3FD9-4240-455E-A4D5-F2B3301887B2}|3%b#,Realtek(R) Audio\Application\System Sounds,,,,,,
System Sounds,Application,Capture,Zone Vibe 100,,,,Inactive,No,,100.0%,,,0.00 dB,1,,100.0%,{0.0.1.00000000}.{326e20b5-4322-4c3a-8307-6a80238a25c1}|#%b{A9EF3FD9-4240-455E-A4D5-F2B3301887B2}|3%b#,Zone Vibe 100\Application\System Sounds,,,,,,
System Sounds,Application,Capture,Logitech PRO X Gaming Headset,,,,Inactive,No,,100.0%,,,0.00 dB,1,,100.0%,{0.0.1.00000000}.{5155a3d6-f479-4a26-acbc-158872547932}|#%b{A9EF3FD9-4240-455E-A4D5-F2B3301887B2}|3%b#,Logitech PRO X Gaming Headset\Application\System Sounds,,,,,,
System Sounds,Application,Capture,Realtek(R) Audio,,,,Inactive,No,,100.0%,,,0.00 dB,2,,"100.0%, 100.0%",{0.0.1.00000000}.{fa62b21d-0c6a-45d7-a91a-b0aff334e3fd}|#%b{A9EF3FD9-4240-455E-A4D5-F2B3301887B2}|3%b#,Realtek(R) Audio\Application\System Sounds,,,,,,
System Sounds,Application,Render,SRS-XB100,,,,Inactive,No,,100.0%,,,0.00 dB,2,,"100.0%, 100.0%",{0.0.0.00000000}.{0eb8e066-0c33-456e-8e5a-b2ba44490f7a}|#%b{A9EF3FD9-4240-455E-A4D5-F2B3301887B2}|3%b#,SRS-XB100\Application\System Sounds,,,,,,
System Sounds,Application,Capture,Realtek(R) Audio,,,,Inactive,No,,100.0%,,,0.00 dB,2,,"100.0%, 100.0%",{0.0.1.00000000}.{a244a850-d449-4642-8846-5fb78d39854f}|#%b{A9EF3FD9-4240-455E-A4D5-F2B3301887B2}|3%b#,Realtek(R) Audio\Application\System Sounds,,,,,,
System Sounds,Application,Capture,OD-WB01,,,,Inactive,No,,100.0%,,,0.00 dB,2,,"100.0%, 100.0%",{0.0.1.00000000}.{b5540fa1-c1fa-4ef7-aab7-9401b6e31ffa}|#%b{A9EF3FD9-4240-455E-A4D5-F2B3301887B2}|3%b#,OD-WB01\Application\System Sounds,,,,,,
System Sounds,Application,Capture,SRS-XB100,,,,Inactive,No,,100.0%,,,0.00 dB,1,,100.0%,{0.0.1.00000000}.{fd73ebd7-98c9-4caf-a46a-bcf1f00ce7a9}|#%b{A9EF3FD9-4240-455E-A4D5-F2B3301887B2}|3%b#,SRS-XB100\Application\System Sounds,,,,,,
Volume,Subunit,Render,Logitech PRO X Gaming Headset,,,,,No,,3.5%,-50.00 dB,5.00 dB,1.00 dB,1,-23.63 dB,3.5%,{2}.\\?\usb#vid_046d&pid_0aaa&mi_00#a&26545131&0&0000#{6994ad04-93ef-11d0-a3cc-00a0c9223196}\global/00020007,Logitech PRO X Gaming Headset\Subunit\Volume,,,,,,
